Year,TEAM,GP,W,L,MIN,OFFRTG,DEFRTG,NETRTG,AST%,AST/TO,AST RATIO,OREB%,DREB%,REB%,TOV%,EFG%,TS%,PACE,PIE,POSS,
2017-18,Atlanta Hawks,82,24,58,3941,104.4,110.1,-5.7,62.2,1.53,17.6,26.3,71.9,48.9,15.7,51.2,54.7,98.76,46.8,8114,
2017-18,Boston Celtics,82,55,27,3961,106.8,103.2,3.6,58.6,1.6,17,26.3,73.9,50.4,14.4,51.8,55.2,96.75,51.9,7987,
2017-18,Brooklyn Nets,82,28,54,3971,106.1,109.7,-3.6,61.9,1.56,17.3,25.1,73.1,48.9,15.1,51.4,55.1,99.66,47.4,8238,
2017-18,Charlotte Hornets,82,36,46,3956,109,109,-0.1,55.4,1.7,16.1,27.1,76.3,51.2,12.8,50.8,54.9,98.66,50,8143,
2017-18,Chicago Bulls,82,27,55,3971,103.4,110.5,-7,60.7,1.68,17.3,25.6,76.7,50,14.1,49.7,52.9,98.65,45.3,8160,
2017-18,Cleveland Cavaliers,82,50,32,3946,112,111.1,1,57.9,1.7,17.5,24.3,73,49.2,13.9,54.7,58.4,98.72,50.2,8114,
2017-18,Dallas Mavericks,82,24,58,3961,105.4,108.4,-2.9,59.4,1.85,17.3,22.4,74.9,47.8,12.7,51.3,54.4,96.53,47.5,7959,
2017-18,Denver Nuggets,82,46,36,3976,111.4,110,1.4,61.7,1.68,18.2,30,73.6,51.7,15.1,53.6,57,97.69,51.1,8095,
2017-18,Detroit Pistons,82,39,43,3961,106.6,106.7,-0.1,58.2,1.7,17.1,26.9,74,49.9,13.8,51.2,54.3,96.75,48.9,7981,
2017-18,Golden State Warriors,82,58,24,3946,112.8,106.8,5.9,68.5,1.9,20.9,24.3,71.2,49.7,15.3,56.9,60.3,100.35,55.4,8251,
2017-18,Houston Rockets,82,65,17,3951,114.1,105.7,8.4,55.7,1.56,16.4,25.4,75,50.3,14.1,55.1,59,98.02,53.1,8078,
2017-18,Indiana Pacers,82,48,34,3951,108.5,107.3,1.3,54.4,1.67,16.8,27.1,72.1,49.6,13.6,52.5,55.7,96.84,50.9,7977,
2017-18,LA Clippers,82,42,40,3941,109.4,109.2,0.2,55.5,1.52,16.5,28.4,71.8,50.4,14.7,52.7,56.4,99.54,49.7,8167,
2017-18,Los Angeles Lakers,82,35,47,3981,106,107.3,-1.3,58.4,1.51,17,27.9,72.9,50.5,15.5,51.7,54.8,100.9,49.1,8361,
2017-18,Memphis Grizzlies,82,22,60,3941,103.6,110.4,-6.8,58.6,1.44,16.6,27.6,72.1,49.3,15.6,50,53.9,95.65,46,7865,
2017-18,Miami Heat,82,44,38,3986,106.2,105.8,0.4,58.5,1.58,17.1,26.1,74.1,50.1,14.8,52,55.1,96.1,50.5,7985,
2017-18,Milwaukee Bucks,82,44,38,3966,109,109.1,-0.2,58.5,1.68,17.7,24.4,70.9,48,14.2,53.1,57.1,97.03,50.2,8013,
2017-18,Minnesota Timberwolves,82,47,35,3961,112.5,110.2,2.3,55.3,1.82,17,28.9,72,50.3,12.8,52.3,56.6,96.75,51.8,7985,
2017-18,New Orleans Pelicans,82,48,34,3991,108.5,107.4,1.1,62.7,1.79,19,24,72.6,49.4,14.5,54.1,57.3,101.48,52.5,8443,
2017-18,New York Knicks,82,29,53,3966,106.3,109.7,-3.4,57.3,1.58,17.2,28.9,72.7,50.9,15,51,54.4,97.64,48.1,8059,
2017-18,Oklahoma City Thunder,82,48,34,3966,110.1,106.4,3.7,53.5,1.53,15.8,32,72.5,51.5,14.3,51.4,54.6,97.34,50.8,8036,
2017-18,Orlando Magic,82,25,57,3946,104.7,109.4,-4.7,60.4,1.61,17.5,24.8,71.4,48,14.7,51.2,54.5,98.58,47.2,8096,
2017-18,Philadelphia 76ers,82,52,30,3956,108.5,103.9,4.6,66.3,1.64,19.1,28.6,73.6,52,16.3,53.5,56.8,100.75,54.2,8299,
2017-18,Phoenix Suns,82,21,61,3941,102.8,111.7,-9,55.3,1.35,15.6,27.1,72.4,49.3,15.5,49.5,53.2,101.14,44.2,8293,
2017-18,Portland Trail Blazers,82,49,33,3951,108.4,105.7,2.7,49.6,1.44,15,27.9,74.6,51.3,13.9,51.1,54.9,97.11,51,7992,
2017-18,Sacramento Kings,82,27,55,3951,103.1,110.4,-7.3,55.6,1.57,16.6,26.4,73.1,48.9,14.3,50.2,52.9,95.5,45.1,7860,
2017-18,San Antonio Spurs,82,47,35,3946,107.1,104.1,3,58.3,1.73,17.3,27.7,74.1,50.8,13.7,50.7,54.3,95.7,52.5,7867,
2017-18,Toronto Raptors,82,59,23,3966,113,105.3,7.7,59,1.82,17.9,27.4,72.5,50.2,13.5,53.9,57.5,98.02,53.8,8104,
2017-18,Utah Jazz,82,48,34,3951,107.4,103,4.4,58.6,1.53,17.1,25.6,75.6,50.9,15.2,52.7,56.4,96.58,53.2,7951,
2017-18,Washington Wizards,82,43,39,3971,108.1,107.7,0.4,63.1,1.73,18.4,27.4,73.2,50.4,14.8,52.5,56,97.67,50.9,8087,
2016-17,Atlanta Hawks,82,43,39,3976,104.5,105.2,-0.7,62.1,1.5,17.4,28.2,71.7,50.2,16,50.4,54.1,97.76,50.6,8091,
2016-17,Boston Celtics,82,53,29,3951,110.6,108,2.6,65.3,1.9,18.8,25.9,70.5,48.5,13.6,52.5,56.7,97.21,51.4,8005,
2016-17,Brooklyn Nets,82,20,62,3951,103.6,110.1,-6.5,56.6,1.29,15.9,24.1,71.6,48.3,16.2,50.7,55.1,101.75,46,8371,
2016-17,Charlotte Hornets,82,36,46,3966,108.4,108.4,0,61.1,2.01,17.6,24.7,74.9,49.6,11.9,50.1,54.7,95.92,50.5,7934,
2016-17,Chicago Bulls,82,41,41,3956,106.5,106.2,0.3,58.4,1.66,16.8,31.1,73.3,51.9,14,48.7,53,96.02,50.4,7919,
2016-17,Cleveland Cavaliers,82,51,31,3976,112.8,109.7,3.1,56.7,1.66,17.1,26.4,72.2,49.9,14,54.7,58,96.74,51,8019,
2016-17,Dallas Mavericks,82,33,49,3956,104.7,107.7,-3,57.4,1.75,16.8,21.6,73.3,46.5,12.7,50.5,54.1,93.11,47.9,7668,
2016-17,Denver Nuggets,82,40,42,3951,112.2,111.7,0.4,61.5,1.69,18.2,31.4,75.3,53.2,15,53,56.8,99.18,50.3,8167,
2016-17,Detroit Pistons,82,37,45,3961,105.3,106.7,-1.4,53,1.78,16.1,28.6,77.5,51.9,12.3,49.2,52.1,95.52,48.2,7890,
2016-17,Golden State Warriors,82,67,15,3956,114.8,103.4,11.4,70.5,2.06,21.2,27.2,70.9,50.4,14.6,56.3,59.7,100.37,57.9,8279,
2016-17,Houston Rockets,82,55,27,3956,114.1,108.4,5.7,62.6,1.67,18.1,28.1,71.7,49.9,15,54.5,58.3,100.55,51.6,8289,
2016-17,Indiana Pacers,82,42,40,3971,107.9,108.1,-0.2,57.2,1.63,17.2,25.5,71.3,48.8,14.1,51.6,55.8,96.59,50.5,7989,
2016-17,LA Clippers,82,51,31,3951,111.8,107.5,4.4,57,1.74,17.2,25.6,73.3,50.1,13.3,53.7,57.4,96.77,52.7,7968,
2016-17,Los Angeles Lakers,82,26,56,3941,105.3,112,-6.7,53.2,1.38,15.6,28.4,71.7,49.4,15.3,50.1,53.7,99.26,44.6,8143,
2016-17,Memphis Grizzlies,82,43,39,3981,107,106.5,0.5,58.4,1.65,16.5,29.5,73.1,50.7,13.7,49.1,53.5,92.84,50.1,7702,
2016-17,Miami Heat,82,41,41,3956,107.4,106.4,1,54.4,1.58,16.3,28.4,71.8,49.9,14,51.2,54.1,95.51,50,7875,
2016-17,Milwaukee Bucks,82,42,40,3956,108.5,108.7,-0.2,62.4,1.73,18.5,26,70.6,48.7,14.6,52.7,56.5,94.99,50.4,7828,
2016-17,Minnesota Timberwolves,82,31,51,3961,110,110.9,-0.9,60,1.69,17.7,30.9,71,50.7,14.6,51.1,55.5,95.48,50.1,7870,
2016-17,New Orleans Pelicans,82,34,48,3981,104.7,106.8,-2.1,58.2,1.77,17.1,22.8,72.8,48,12.9,50.4,53.9,98.56,49.3,8173,
2016-17,New York Knicks,82,31,51,3971,107.1,110.7,-3.6,55.1,1.57,16.3,30.5,69.8,50,14.3,49.6,53.4,96.63,48.2,7990,
2016-17,Oklahoma City Thunder,82,47,35,3961,107.9,107.1,0.8,53.2,1.4,15.5,32.3,74.2,52.8,15.2,50,54,98.18,49.9,8099,
2016-17,Orlando Magic,82,29,53,3961,103.7,110.3,-6.5,58,1.67,16.8,26.7,72.6,49.1,13.7,48.9,52.4,96.9,46,7989,
2016-17,Philadelphia 76ers,82,28,54,3966,102.7,108.2,-5.5,63.1,1.43,17.4,27.3,70.9,49,16.7,50.1,53.9,99.07,47,8179,
2016-17,Phoenix Suns,82,24,58,3966,106.1,111.3,-5.2,49.1,1.27,14.4,29.9,71.8,50.3,15.2,49.3,53.8,100.85,46.2,8320,
2016-17,Portland Trail Blazers,82,41,41,3986,109.4,110,-0.6,53.4,1.54,16,26.9,72,49.6,13.9,52,55.9,97.38,49.3,8088,
2016-17,Sacramento Kings,82,32,50,3976,106.6,110.8,-4.2,59.4,1.54,17.3,25.8,72.3,49.2,15.2,51.6,55.6,95.42,47.8,7911,
2016-17,San Antonio Spurs,82,61,21,3961,110.3,102.9,7.4,60.6,1.77,18.1,28.2,73,51.1,14.1,52.4,56.4,94.86,55.1,7832,
2016-17,Toronto Raptors,82,51,31,3956,111.4,107.1,4.3,47.2,1.46,14.5,29.1,71.7,50.5,13.2,51.7,56.1,95.41,51.6,7867,
2016-17,Utah Jazz,82,51,31,3951,109,104.7,4.3,54.4,1.48,16.2,27,74.3,51.4,14.8,52.6,56.3,92.09,53.4,7579,
2016-17,Washington Wizards,82,49,33,3971,110.4,108.8,1.7,57.7,1.68,17.6,28.6,71.6,50.1,14.3,52.8,56.4,97.94,51.1,8109,
2015-16,Atlanta Hawks,82,48,34,3966,104.6,100.8,3.9,66.3,1.71,19,23.4,69.8,47.4,15.2,51.6,55.2,97.63,52.8,8059,
2015-16,Boston Celtics,82,48,34,3956,105.8,102.5,3.3,61.6,1.76,17.4,29,70.7,49.5,13.8,48.8,53.1,99.43,52,8191,
2015-16,Brooklyn Nets,82,21,61,3951,102.4,109.7,-7.4,58.3,1.51,17,27.9,71.6,49.4,15.3,49.2,52.7,96.12,46,7903,
2015-16,Charlotte Hornets,82,48,34,3971,106.4,103.7,2.7,58.6,1.73,16.7,24.4,75.4,49.9,12.9,50.2,54.5,96.24,51.1,7966,
2015-16,Chicago Bulls,82,42,40,3981,104.1,105.5,-1.4,59.1,1.64,17,29,71.4,50.6,14.2,48.7,52.6,96.6,49.4,8008,
2015-16,Cleveland Cavaliers,82,57,25,3971,110.2,103.9,6.3,58.7,1.67,17.4,29.4,74.2,51.9,14.3,52.4,55.8,93.82,52.8,7764,
2015-16,Dallas Mavericks,82,42,40,4001,105.5,105.9,-0.4,59.2,1.73,17,24.1,72.3,48.4,13.2,50.2,54.4,95.34,50.3,7950,
2015-16,Denver Nuggets,82,33,49,3966,104.9,108.2,-3.3,60.1,1.55,16.9,30.4,73.2,51.3,15.1,48.9,53.1,96.34,47.9,7963,
2015-16,Detroit Pistons,82,44,38,3976,105.3,104.9,0.3,51.2,1.44,14.8,31.3,75.3,52.1,14,49.1,52.2,95.75,48.6,7942,
2015-16,Golden State Warriors,82,73,9,3976,113.5,102.8,10.6,68,1.91,20.4,26.7,72,50.7,15,56.3,59.3,100.24,56.7,8303,
2015-16,Houston Rockets,82,41,41,3966,107.3,107.3,0,58.9,1.39,16.4,29.7,69.2,49.2,16.1,51.6,55.3,98.42,49,8139,
2015-16,Indiana Pacers,82,45,37,3976,103.8,102.2,1.6,55.4,1.43,16.1,27.1,71.4,49.4,15.1,49.7,53.6,97.35,51.8,8068,
2015-16,LA Clippers,82,53,29,3966,107.2,102.7,4.5,59.6,1.76,17.4,23.4,69.7,47.2,13.3,52.4,55.6,96.81,53.3,7995,
2015-16,Los Angeles Lakers,82,17,65,3946,100.7,110.3,-9.7,51.3,1.31,14.1,27.1,71.2,48.4,14.2,46,50.9,96.55,42.4,7930,
2015-16,Memphis Grizzlies,82,42,40,3966,104.7,107.1,-2.4,56.2,1.56,16,29.8,70.9,49.5,14,47.7,52.4,93.95,48.3,7763,
2015-16,Miami Heat,82,48,34,3966,105.5,103.7,1.7,54.3,1.48,16.3,28,72.9,51.2,14.8,50.8,54.5,94.14,52.5,7779,
2015-16,Milwaukee Bucks,82,33,49,3966,103.4,107.8,-4.5,60.3,1.52,17.6,28.6,68.9,49,15.9,49.9,53.7,95.05,48.3,7858,
2015-16,Minnesota Timberwolves,82,29,53,3976,105.4,109,-3.5,61.9,1.56,17.6,27.9,70.2,49.4,15.5,49.8,54.9,96.2,49.7,7965,
2015-16,New Orleans Pelicans,82,30,52,3956,104.8,108.4,-3.7,57.7,1.65,16.8,25.2,74.8,49.3,13.7,49.8,53.7,97.64,47.2,8041,
2015-16,New York Knicks,82,32,50,3961,103.9,106.7,-2.8,55.7,1.53,16,28,71.8,50.2,14.2,48.3,52.7,94.12,48.7,7763,
2015-16,Oklahoma City Thunder,82,55,27,3966,112.1,104.8,7.4,55.8,1.44,16.7,34.7,72,54.1,16.2,52.4,56.5,97.54,54.6,8061,
2015-16,Orlando Magic,82,35,47,3981,104.4,106,-1.6,59.6,1.67,17.6,27.1,72.6,49.5,14.4,50,53.3,96.68,48.8,8018,
2015-16,Philadelphia 76ers,82,10,72,3961,98.4,108.6,-10.2,59.4,1.31,16.3,25,69.3,46.6,16.5,48.7,51.9,98.44,42.8,8119,
2015-16,Phoenix Suns,82,23,59,3941,101.5,107.9,-6.5,55.8,1.21,15.4,29.7,73.3,50.8,17.3,48.7,52.6,99.39,45,8152,
2015-16,Portland Trail Blazers,82,44,38,3961,107.6,106.8,0.8,55.2,1.46,16,29.4,72.8,51,15,51.1,54.8,97.06,49.3,8012,
2015-16,Sacramento Kings,82,33,49,3961,105.3,107.6,-2.3,61.2,1.52,17.6,28.1,71.7,50,16,51,54.6,100.66,49.4,8302,
2015-16,San Antonio Spurs,82,67,15,3941,109.3,98.2,11.1,61.1,1.88,18.8,26.6,74.6,51.6,13.8,52.6,56.4,94.54,57.8,7767,
2015-16,Toronto Raptors,82,56,26,3956,109.3,104.8,4.4,51.1,1.43,14.9,30,73.6,52,13.9,50.4,55.2,93.35,52.5,7707,
2015-16,Utah Jazz,82,40,42,3991,105,103.2,1.8,52.6,1.27,15.1,30.3,73.1,51.7,16.1,50.1,54,91.66,50.8,7625,
2015-16,Washington Wizards,82,41,41,3951,104.5,105.1,-0.5,61.9,1.69,18.1,25,73.7,49,14.5,51.1,54.4,99.16,49.7,8163,
2014-15,Atlanta Hawks,82,60,22,3946,108.2,102.3,5.9,67.6,1.81,19.5,26.4,69.7,48.7,15,52.7,56.3,94.66,54,7775,
2014-15,Boston Celtics,82,40,42,3976,103.8,103.5,0.3,62.9,1.77,18,28.9,71,49.5,14.2,48.9,52.3,96.71,49.8,8007,
2014-15,Brooklyn Nets,82,38,44,3986,103.4,106.3,-3,55.9,1.51,16.3,27.8,70.1,49.1,14.6,49.1,52.9,93.69,48,7777,
2014-15,Charlotte Hornets,82,33,49,3981,99.6,103,-3.4,56.8,1.69,15.8,27,74.6,50.2,12.6,45.6,49.8,93.45,48.2,7753,
2014-15,Chicago Bulls,82,50,32,3976,106.3,103.3,3,59.3,1.56,16.6,31.2,70.9,51.6,14.7,48.9,53.6,93.8,52.9,7775,
2014-15,Cleveland Cavaliers,82,53,29,3956,110.1,105.3,4.8,58.7,1.55,17.1,31.1,71.1,51.3,15.2,52,55.7,93.23,51.4,7682,
2014-15,Dallas Mavericks,82,50,32,3976,108.2,104.9,3.2,56.7,1.74,17,26.9,68.1,47.7,13.3,51.5,55,96.4,52.1,7976,
2014-15,Denver Nuggets,82,30,52,3976,103.9,107.1,-3.3,57.7,1.53,16.2,30.3,70,49.4,14.6,47.9,51.8,96.87,46.5,8011,
2014-15,Detroit Pistons,82,32,50,3966,104.3,105.4,-1.1,58.2,1.61,16.4,31.6,71.2,50.5,14.2,48.2,51.5,93.68,47.8,7741,
2014-15,Golden State Warriors,82,67,15,3946,110.4,100.4,9.9,65.9,1.9,19.7,27.3,70.3,49.8,14.5,54,57.1,99.28,56.9,8170,
2014-15,Houston Rockets,82,56,26,3961,106,102.6,3.4,60,1.33,16.5,30.5,68.6,49.6,17,51.2,54.8,97.36,50.9,8037,
2014-15,Indiana Pacers,82,38,44,3971,102.9,102.7,0.2,58.6,1.53,16.6,28.6,73.5,51.1,14.8,48.4,52.3,93.67,50.5,7753,
2014-15,Los Angeles Clippers,82,56,26,3946,111.6,104.7,6.9,62.9,2.01,18.7,27.2,71.6,49.7,12.9,53.3,56.5,95.4,54,7844,
2014-15,Los Angeles Lakers,82,21,61,3986,102.3,109.4,-7.1,56.2,1.58,15.9,29,72,49.7,13.8,47.3,51.3,95.03,45,7892,
2014-15,Memphis Grizzlies,82,55,27,3981,104.8,101.2,3.5,57.4,1.62,16.9,28.8,71.6,50.3,14.2,48.9,53.1,92.82,53,7696,
2014-15,Miami Heat,82,37,45,3946,103.2,106.1,-3,56.4,1.34,16.1,28.4,68.7,48.9,16.1,50,54,91.49,49.2,7526,
2014-15,Milwaukee Bucks,82,41,41,3986,102,101.4,0.6,62.7,1.41,17.8,29,68.6,49.1,17.5,49.9,53.6,94.82,51.1,7867,
2014-15,Minnesota Timberwolves,82,16,66,3961,101.8,110.9,-9.1,59.3,1.44,16.3,31.1,68.2,48.9,15.6,46.8,51.7,95.45,45.3,7873,
2014-15,New Orleans Pelicans,82,45,37,3956,107.1,106.3,0.8,58.1,1.66,17.1,30.9,71.2,51.1,14.3,50.1,53.7,92.29,50.8,7608,
2014-15,New York Knicks,82,17,65,3971,98.9,109,-10.1,60.6,1.45,16.7,28.9,69.1,48.4,15.8,47,50.8,92.06,44.1,7618,
2014-15,Oklahoma City Thunder,82,45,37,3966,106.7,104.6,2.1,52.8,1.4,15.3,31.8,73,52.4,15.1,49.2,53.2,96.61,50.5,7988,
2014-15,Orlando Magic,82,25,57,3951,101,106.8,-5.9,55,1.39,16.2,26.9,71.6,49.1,15.7,49.4,52.4,94.51,45.5,7773,
2014-15,Philadelphia 76ers,82,18,64,3961,94.9,103.9,-9,60.9,1.16,15.5,29.3,68.6,48,18.3,45.9,49.4,96.45,42.6,7950,
2014-15,Phoenix Suns,82,39,43,3976,104.2,105.3,-1.1,52.2,1.34,15.4,28.1,69.8,48.9,15.4,50.1,53.7,97.2,49.1,8058,
2014-15,Portland Trail Blazers,82,51,31,3971,107.1,102.8,4.3,56.7,1.61,16.8,28.2,72.8,51,14.2,50.8,54.4,95.06,52.2,7868,
2014-15,Sacramento Kings,82,29,53,3971,104.5,108.2,-3.7,55.4,1.25,15.5,31.3,71.5,51.9,16.8,49,54.2,96.16,48.5,7952,
2014-15,San Antonio Spurs,82,55,27,3991,107.6,101.4,6.3,62.3,1.75,18.4,27.2,73,50.7,14.6,51.7,55.5,94.45,54.5,7860,
2014-15,Toronto Raptors,82,49,33,3971,110.2,107.1,3.1,54.7,1.61,16.1,30.1,68.9,49.4,13.7,50.8,55.3,93.46,50.6,7736,
2014-15,Utah Jazz,82,38,44,3941,104.2,104.1,0.1,56.3,1.3,15.8,33.2,71.5,52.4,16.8,49.4,53.1,91.1,50.7,7486,
2014-15,Washington Wizards,82,46,36,3991,103,102.4,0.6,62.7,1.6,18.1,28.8,72.6,51.4,15.7,49.9,53.4,94.29,52.5,7844,
2013-14,Atlanta Hawks,82,38,44,3966,104.9,105.7,-0.7,66.7,1.63,18.8,25.6,71.1,48.5,15.9,51.5,55.4,95.41,50.2,7892,
2013-14,Boston Celtics,82,25,57,3946,101.9,106.5,-4.6,57.6,1.37,16.2,31.4,70.8,50.5,16.3,47.7,51.7,94.28,46.1,7745,
2013-14,Brooklyn Nets,82,44,38,3976,105.4,106.7,-1.3,58.5,1.44,16.7,26,68.6,47.5,15.5,51.4,55.5,92.42,49.2,7663,
2013-14,Charlotte Bobcats,82,43,39,3981,103,103.3,-0.4,59.7,1.76,16.9,26.9,73,50,13.1,48.1,52.2,92.93,50.8,7712,
2013-14,Chicago Bulls,82,48,34,3986,101.7,99.9,1.9,65.4,1.52,17.6,32.1,71.3,51.8,16.2,47.1,51.8,90.84,52.8,7549,
2013-14,Cleveland Cavaliers,82,33,49,3986,103.5,107,-3.6,57.2,1.49,16.2,31.4,71.1,50.8,14.9,47.9,51.8,93.69,46.9,7784,
2013-14,Dallas Mavericks,82,49,33,3966,109.5,107.2,2.3,59.6,1.74,18,27.6,69.4,48.7,14.1,52.6,56.4,94.94,52.1,7852,
2013-14,Denver Nuggets,82,36,46,3951,105.1,107.3,-2.2,58.4,1.41,16.4,31,70.3,50.5,16,49.7,53.6,98.95,48.1,8146,
2013-14,Detroit Pistons,82,29,53,3956,105.2,109,-3.7,53.9,1.44,15.6,34.7,69.3,51.1,15.2,48.2,51.4,95.57,46.4,7874,
2013-14,Golden State Warriors,82,51,31,3966,106.3,101.4,4.9,59.1,1.53,17.4,28.4,72.4,50.8,15.5,51.7,55,97.37,52.8,8045,
2013-14,Houston Rockets,82,54,28,3966,109.8,105.2,4.6,56.3,1.33,16.1,30.6,70,51.3,16.5,53.1,57.1,97.27,53.4,8040,
2013-14,Indiana Pacers,82,56,26,3956,103.6,98.9,4.7,56,1.33,15.9,29.6,72.1,51.7,16.2,49,53.5,92.89,54.5,7656,
2013-14,Los Angeles Clippers,82,57,25,3951,111.3,104,7.3,62.8,1.77,18.3,28.8,69,49.6,14.3,52.6,56.7,96.66,54.8,7954,
2013-14,Los Angeles Lakers,82,27,55,3941,103.2,109.3,-6,63.9,1.62,18.1,23.5,67.6,45.9,15.2,50.5,54.2,99.72,46,8177,
2013-14,Memphis Grizzlies,82,50,32,3961,105.5,103.8,1.7,57.4,1.59,17.1,32.6,71.8,52.1,15,49.4,52.9,90.58,51.8,7476,
2013-14,Miami Heat,82,54,28,3976,110,105,5.1,58.8,1.52,18.1,24.4,68.6,47.6,15.9,55.4,59,91.9,53.9,7615,
2013-14,Milwaukee Bucks,82,15,67,3976,101.9,110.2,-8.3,59.6,1.42,16.5,31,67.8,49,16.1,47.9,51.9,92.96,44.9,7685,
2013-14,Minnesota Timberwolves,82,40,42,3971,107.7,105.2,2.6,61.6,1.72,17.3,31.7,71.5,50.8,14,48.6,53.5,98.33,51.9,8139,
2013-14,New Orleans Pelicans,82,34,48,3971,106.2,109.1,-3,56.3,1.55,16.5,30.5,69.4,49.7,14.7,49.5,53.7,93.07,48.3,7703,
2013-14,New York Knicks,82,37,45,3971,107,108.1,-1.1,54.2,1.54,16,29.1,70.5,49.2,14.1,50.5,54.1,91.24,49,7556,
2013-14,Oklahoma City Thunder,82,59,23,3961,109.4,103,6.4,56.2,1.43,16.6,29.4,72.2,51.8,15.8,52,56.6,96.33,54.3,7954,
2013-14,Orlando Magic,82,23,59,3991,101,106.6,-5.7,57.1,1.41,16.4,26.7,71.4,49,15.6,48.7,52.5,94.27,46.6,7837,
2013-14,Philadelphia 76ers,82,19,63,3971,99,109,-10,57.6,1.29,16,29,68.4,47.9,16.8,47.5,51,99.74,42.6,8236,
2013-14,Phoenix Suns,82,48,34,3951,108.2,105.6,2.6,49.3,1.24,14.7,29.8,69.9,50,15.8,51.9,55.8,96.83,50.9,7973,
2013-14,Portland Trail Blazers,82,54,28,3971,110.4,106.2,4.2,59.4,1.69,17.2,32,71.3,51.7,14.2,50.4,54.8,95.9,52.4,7930,
2013-14,Sacramento Kings,82,28,54,3966,105.1,107.8,-2.7,51.1,1.24,14.6,31.6,72.5,51.8,15.9,48.4,53.2,95.04,47.3,7840,
2013-14,San Antonio Spurs,82,62,20,3951,109.5,101.4,8.1,62.1,1.75,19,26.1,72.5,50.3,15,53.7,57.1,95.87,55.5,7887,
2013-14,Toronto Raptors,82,48,34,3991,107.9,104.6,3.3,58.1,1.5,16.4,31.2,70.1,50.5,15.1,49.8,54.5,92.48,51.2,7696,
2013-14,Utah Jazz,82,25,57,3956,102.4,110.1,-7.6,56.4,1.39,16.1,29.7,70.8,49.7,15.8,48.4,52.3,92.32,45.1,7605,
2013-14,Washington Wizards,82,44,38,4011,104.9,103.6,1.3,60.1,1.59,17.6,28.6,71.9,49.8,15.3,50.6,53.8,94.18,50.4,7872,
2012-13,Atlanta Hawks,82,44,38,3971,103.7,103.4,0.3,65.1,1.65,18.8,25.4,70.1,48.2,15.7,51.7,54.6,93.56,50.9,7744,
2012-13,Boston Celtics,81,41,40,3968,102.2,102.6,-0.5,61.4,1.56,17.9,24.6,69,47.7,15.4,50.3,54.2,92.46,50.7,7652,
2012-13,Brooklyn Nets,82,49,33,3971,106.9,104.8,2,56.7,1.38,16.1,34.3,70.1,52,16.2,49.8,53.6,89.88,50.9,7433,
2012-13,Charlotte Bobcats,82,21,61,3961,100.4,110.3,-9.9,56.2,1.38,15.3,30.5,67.9,48.6,15.1,46,50.7,92.49,43.8,7632,
2012-13,Chicago Bulls,82,45,37,3966,102.4,101.9,0.5,64.5,1.61,17.8,33.2,69.9,51.4,15.7,47,51.2,90.35,51.4,7460,
2012-13,Cleveland Cavaliers,82,24,58,3946,103.2,108.2,-5,56.6,1.47,15.9,32.6,69.5,50,15,47.3,51.4,93.25,45,7666,
2012-13,Dallas Mavericks,82,41,41,3996,104.7,105.4,-0.6,59.9,1.67,17.7,25.9,69.8,48.4,14.4,50.6,54.4,95.09,50.2,7917,
2012-13,Denver Nuggets,82,57,25,3981,109.3,104.2,5.1,60,1.6,17.8,34.5,67.5,51.3,15.7,51.5,54.9,95.92,53.8,7960,
2012-13,Detroit Pistons,82,29,53,3961,102.7,107.2,-4.5,58.5,1.4,16.6,32.4,69.5,50.6,16.4,48.7,52.1,91.68,46.7,7571,
2012-13,Golden State Warriors,82,47,35,3961,105.1,104.2,0.9,58.9,1.49,17.1,28.5,71.2,50.6,15.7,50.6,54.5,95.64,50.2,7893,
2012-13,Houston Rockets,82,45,37,3956,108.8,105.3,3.5,60.9,1.41,17.3,30.5,71,50.9,16.9,52.5,56.4,96.89,51,7988,
2012-13,Indiana Pacers,81,49,32,3918,103.4,99,4.4,57.8,1.34,16,33.6,70.1,52.2,16.5,47.9,52.1,90.9,53.7,7420,
2012-13,Los Angeles Clippers,82,56,26,3946,109.8,102.8,6.9,62,1.64,18.4,32.3,69.7,51.2,15.9,52.6,55.7,91.83,54.8,7552,
2012-13,Los Angeles Lakers,82,45,37,3951,107,105.9,1.1,59.8,1.48,16.8,30.9,70.2,51,15.7,51.2,54.8,95.08,51.3,7830,
2012-13,Memphis Grizzlies,82,56,26,3961,103.6,99.1,4.5,57.9,1.5,16.5,34.4,70.2,52,15.5,47.2,51.4,89.56,53.1,7394,
2012-13,Miami Heat,82,66,16,3976,111.4,103.2,8.2,60,1.65,18.4,26.4,67.8,48.5,15.1,55.2,58.8,91.26,56.4,7572,
2012-13,Milwaukee Bucks,82,38,44,3966,102.5,104.2,-1.7,60,1.62,17,31.5,67.8,49.1,14.6,47.6,51,95.65,48.8,7909,
2012-13,Minnesota Timberwolves,82,31,51,3946,101.8,104,-2.2,62.4,1.51,17.1,31.2,70.2,50,15.7,47.3,51.6,93.94,49.4,7712,
2012-13,New Orleans Hornets,82,27,55,3956,104.5,108.9,-4.4,58.2,1.44,16.7,33.2,70.5,51.4,16.2,48.9,52.8,89.5,46.4,7379,
2012-13,New York Knicks,82,54,28,3946,109.8,105.4,4.5,52.7,1.6,15.6,29.1,70.8,49.4,13.2,51.5,55,90.68,51.2,7462,
2012-13,Oklahoma City Thunder,82,60,22,3966,111,101.2,9.9,56.1,1.4,16.6,29.1,70.2,51.3,16,52.7,58,94.58,57,7808,
2012-13,Orlando Magic,82,20,62,3956,100.9,108.4,-7.4,60.5,1.57,17.6,29.3,70.7,49.8,15.6,48.5,51.4,92.81,45.9,7646,
2012-13,Philadelphia 76ers,82,34,48,3951,101,104.7,-3.7,61,1.74,17.7,29.1,69.5,48.9,14.1,48.1,50.9,91.88,47.4,7566,
2012-13,Phoenix Suns,82,25,57,3961,100.2,106.9,-6.7,60.6,1.45,17.1,30.8,68.7,49.1,16.4,47.7,51.2,94.48,45.8,7793,
2012-13,Portland Trail Blazers,82,33,49,3971,104.5,107.9,-3.4,59.3,1.48,17,29.4,70.2,49.5,15.7,49.8,53.6,92.46,46.8,7649,
2012-13,Sacramento Kings,82,28,54,3966,105.3,110,-4.7,55.3,1.42,16,30.6,67.3,48.5,15.4,49.1,53.2,94.65,45.4,7804,
2012-13,San Antonio Spurs,82,58,24,3976,107,100.3,6.7,64.1,1.71,19.1,24.3,71.5,49.3,15.3,53.1,56.8,95.31,55.1,7892,
2012-13,Toronto Raptors,82,34,48,3996,105,106.4,-1.4,59.2,1.57,16.9,29.6,68.8,49,14.8,48.8,53.2,91.26,48.4,7591,
2012-13,Utah Jazz,82,43,39,3976,105.4,105.6,-0.2,61,1.54,17.4,32.9,69.7,51,15.9,49.2,53.3,92.05,50.4,7629,
2012-13,Washington Wizards,82,29,53,3971,99.3,101.6,-2.3,61,1.43,16.9,27.9,70.6,49.1,16.1,47.5,51.2,93.23,48.1,7699,
2011-12,Atlanta Hawks,66,40,26,3233,104.2,100.4,3.8,61,1.61,17.6,27.9,70.3,49.3,15.1,50,53.5,90.88,52.6,6117,
2011-12,Boston Celtics,66,39,27,3188,100.1,97.5,2.6,66.5,1.59,18.8,24.5,68.6,47.8,16.2,49.6,53.5,91.11,53.5,6055,
2011-12,Charlotte Bobcats,66,7,59,3178,94.4,109.4,-15,60.5,1.39,16,28.5,67.8,47.4,15.7,43.9,48.3,91.86,41.1,6080,
2011-12,Chicago Bulls,66,50,16,3188,106.3,97.5,8.8,61.9,1.65,17.7,36.1,70.3,53.6,15.4,49,52.3,89.98,56.1,5982,
2011-12,Cleveland Cavaliers,66,21,45,3193,100,107.6,-7.6,57.9,1.29,15.4,32.3,68.3,49.6,16.6,46.3,50.5,92.34,43.9,6140,
2011-12,Dallas Mavericks,66,36,30,3213,102.1,100.9,1.1,57.5,1.49,16.5,26.8,71.4,49.3,14.9,48.9,52.7,92.61,51,6195,
2011-12,Denver Nuggets,66,38,28,3208,108.3,105.1,3.2,61.5,1.56,17.9,31.6,70.5,51.5,16,51.6,55.6,95.03,52.7,6346,
2011-12,Detroit Pistons,66,25,41,3193,100,105,-5,53.8,1.19,15.1,32.2,68.9,50,17.2,46.8,51,90.31,44.8,6000,
2011-12,Golden State Warriors,66,23,43,3183,103.9,107.3,-3.4,59.1,1.61,17.4,25.6,65.8,46,14.7,50.5,53.9,93.78,47.2,6212,
2011-12,Houston Rockets,66,34,32,3213,104.2,104,0.2,56.4,1.47,16.4,30.9,69.2,49.9,15.4,49.2,52.9,92.82,49.7,6215,
2011-12,Indiana Pacers,66,42,24,3198,105.5,102.1,3.3,52.2,1.33,14.7,33.3,68.9,51.1,15.1,47.4,52.6,91.68,52.1,6115,
2011-12,Los Angeles Clippers,66,40,26,3193,107.5,104.8,2.7,56.8,1.58,16.6,33.1,69.2,50.7,14.7,50.2,53.3,89.98,51.7,5989,
2011-12,Los Angeles Lakers,66,41,25,3213,104.5,103.2,1.3,61.1,1.49,17.3,32.7,71.9,53.2,16.2,49.1,53.4,91.72,52.4,6145,
2011-12,Memphis Grizzlies,66,41,25,3188,102.8,100.6,2.2,53.2,1.35,15.4,33.5,68.8,50.8,15.7,47.3,51.5,91.82,51.4,6099,
2011-12,Miami Heat,66,46,20,3208,105.6,99.2,6.4,53.8,1.31,15.9,29.9,69.3,50.4,16.3,50.5,54.9,92.07,55.3,6154,
2011-12,Milwaukee Bucks,66,31,35,3173,104.5,104.1,0.4,62,1.67,17.6,31.4,67.5,49,14.8,48.1,52.1,94.68,50.3,6256,
2011-12,Minnesota Timberwolves,66,26,40,3188,103.1,105.3,-2.2,54.8,1.29,15.1,31.1,69.3,50.2,16,47.7,52.4,94.44,48.3,6268,
2011-12,New Jersey Nets,66,22,44,3178,101.8,108.1,-6.3,58,1.32,15.8,31.4,67.7,48.9,16.5,47.3,51.6,91.26,44.8,6036,
2011-12,New Orleans Hornets,66,21,45,3188,99.9,103.9,-4,59.5,1.34,16.8,31,69.6,50.6,17.3,47.6,51.7,89.27,48.2,5924,
2011-12,New York Knicks,66,36,30,3188,103.5,100.2,3.2,56.2,1.26,15.6,30.9,70.2,50.3,16.9,49.2,53.3,93.91,52,6242,
2011-12,Oklahoma City Thunder,66,47,19,3198,108.4,102.1,6.3,49.7,1.13,14.6,30.4,68.7,50.9,17.2,51.6,56.7,94.11,54.2,6273,
2011-12,Orlando Magic,66,37,29,3193,104,103.4,0.6,58.1,1.34,16.1,30.6,72,51,16.5,50.6,53.3,89.75,49.3,5978,
2011-12,Philadelphia 76ers,66,35,31,3183,102.7,98.2,4.6,58.8,1.97,17.5,27.7,71.2,49.5,12.3,48,51.1,90.68,53.2,6016,
2011-12,Phoenix Suns,66,33,33,3168,105.2,105.2,-0.1,59.6,1.6,17.4,29.4,68.7,49.3,15,49.9,53.6,93.61,50.2,6173,
2011-12,Portland Trail Blazers,66,28,38,3193,104.4,105.3,-0.9,56.2,1.44,16.1,30.3,69.1,49.3,15.2,48.8,53.1,92.24,49.4,6143,
2011-12,Sacramento Kings,66,22,44,3183,102.9,108.7,-5.8,51,1.34,14.7,32.1,67,48.7,15,47.2,51,95.56,45.1,6333,
2011-12,San Antonio Spurs,66,50,16,3188,110,102.3,7.7,58.5,1.71,17.8,28.2,72,50.7,14.4,52.8,56.2,93.67,54.6,6220,
2011-12,Toronto Raptors,66,23,43,3193,99.6,103.6,-3.9,60.9,1.38,16.8,29.4,70.8,50.3,16.7,47.5,51.8,90.19,47.8,6008,
2011-12,Utah Jazz,66,36,30,3233,105.5,104.9,0.5,57,1.54,16.6,34,70.3,51.9,15,48.1,52.5,92.53,50.9,6236,
2011-12,Washington Wizards,66,20,46,3173,100,104.9,-5,52.3,1.25,15.1,30.8,67.8,48.9,16.3,47.2,50.8,93.59,46,6182,
2010-11,Atlanta Hawks,82,44,38,3946,105.1,105.8,-0.7,60.7,1.61,17.7,27.4,71,49.4,15.1,50.1,54.2,90.22,49.3,7410,
2010-11,Boston Celtics,82,56,26,3956,105.5,99.8,5.7,63.5,1.61,18.8,25.7,70.9,49.7,15.9,51.9,56.1,90.92,55.8,7500,
2010-11,Charlotte Bobcats,82,34,48,3961,102.8,107,-4.2,60.1,1.45,16.9,29.8,70.5,50.2,16,48.2,52.8,90.3,48,7444,
2010-11,Chicago Bulls,82,62,20,3966,107.2,99.5,7.8,60.1,1.57,17.3,33.2,71.7,52.8,15.4,50.1,54.1,91.2,55.5,7542,
2010-11,Cleveland Cavaliers,82,19,63,3951,101.5,110.9,-9.5,59.6,1.48,16.4,28.3,69.9,48.5,15.1,47.2,51.8,93.76,44.1,7715,
2010-11,Dallas Mavericks,82,57,25,3941,108.4,104.1,4.4,63.7,1.71,18.7,27.8,71.3,50.4,15.1,52.5,56.5,92.24,53.8,7581,
2010-11,Denver Nuggets,82,50,32,3941,111.7,106.8,4.9,57.6,1.57,17,28.3,71.6,50.6,14.7,52.6,57.4,96.06,52.4,7888,
2010-11,Detroit Pistons,82,30,52,3976,107,110.7,-3.7,56.6,1.62,16.8,31.7,68.1,49.1,14.4,49.5,53.3,89.79,46.4,7428,
2010-11,Golden State Warriors,82,36,46,3966,107.1,109.4,-2.3,56.8,1.54,17,30,65.9,47.6,15.1,51,54.4,95.85,47.2,7916,
2010-11,Houston Rockets,82,43,39,3976,110.2,107.9,2.3,61.7,1.76,17.8,31.5,69,50.1,14.1,50.3,55,95.14,51.5,7880,
2010-11,Indiana Pacers,82,37,45,3956,104.1,105,-0.9,53.6,1.28,15.2,29.7,70.3,50.1,16,48.6,53.3,95.5,49.2,7864,
2010-11,Los Angeles Clippers,82,32,50,3971,104.8,108,-3.2,60.1,1.35,16.9,33,69.2,51.1,17.4,49.6,53.5,93.35,48.3,7718,
2010-11,Los Angeles Lakers,82,57,25,3966,109.6,103.3,6.3,57.6,1.68,17,32.5,69.2,51.3,14.1,50.2,54.5,91.78,54.1,7594,
2010-11,Memphis Grizzlies,82,46,36,3976,107,104.5,2.5,52.8,1.48,16,33.3,68.2,50.5,15,49.3,53.4,92.42,51.8,7656,
2010-11,Miami Heat,82,58,24,3956,110.6,102.9,7.8,54.1,1.44,16.1,28.7,71.5,51.4,15.1,52.4,57.3,91.63,55.6,7564,
2010-11,Milwaukee Bucks,82,35,47,3966,100.8,101.5,-0.8,54.9,1.4,15.3,28.7,71,49.2,14.8,46.7,51.1,90.57,48.8,7477,
2010-11,Minnesota Timberwolves,82,17,65,3956,103.2,109.9,-6.7,53.4,1.18,15,33.6,69.8,51.2,17.4,48.3,52.6,97.49,44.3,8034,
2010-11,New Jersey Nets,82,24,58,4001,102.1,108.9,-6.8,59,1.5,16.6,30.4,70,49.7,15.2,47.4,51.7,90.7,45.2,7563,
2010-11,New Orleans Hornets,82,46,36,3966,105.4,104.4,1,57.4,1.58,16.8,28.9,72.1,50.3,14.5,49.3,53.7,89.4,50.7,7387,
2010-11,New York Knicks,82,42,40,3956,109.9,109,1,56,1.56,16.4,27.3,67.6,47.3,14.1,51.3,56.1,96.47,50.4,7945,
2010-11,Oklahoma City Thunder,82,55,27,4001,109.9,105.9,3.9,54.5,1.45,15.8,30.6,69.7,50.7,14.8,50.1,56.1,93.84,52.9,7824,
2010-11,Orlando Magic,82,52,30,3966,107.4,101.8,5.6,55.3,1.34,15.9,30.4,72.3,51.8,16.2,52.1,55.4,91.55,53.4,7575,
2010-11,Philadelphia 76ers,82,41,41,3986,105.3,103.8,1.5,59.6,1.75,17.6,27.8,71.4,49.7,13.8,49.4,53.5,92.78,51,7709,
2010-11,Phoenix Suns,82,40,42,4001,108.6,109.4,-0.8,60.4,1.66,17.9,27.5,68.1,48,14.7,52.2,55.9,95.18,49.4,7930,
2010-11,Portland Trail Blazers,82,48,34,3961,107.3,105.7,1.6,58.8,1.62,16.9,33.1,68.2,49.9,14.5,48.6,53.3,89.13,51.6,7359,
2010-11,Sacramento Kings,82,24,58,3971,102.9,108.4,-5.5,53.4,1.27,15.4,33.4,70.2,51.2,16.7,48,51.9,95.76,46.2,7923,
2010-11,San Antonio Spurs,82,61,21,3956,110.5,104.4,6.1,58.3,1.67,17.5,27.6,71.1,50,14.3,52.7,56.7,93.34,53.8,7691,
2010-11,Toronto Raptors,82,22,60,3956,105.2,111.7,-6.5,57.1,1.49,16.8,31.4,68.5,49.5,15.6,49.1,53.3,93.78,45.9,7723,
2010-11,Utah Jazz,82,39,43,3976,107,108.8,-1.8,62.7,1.63,18,31.4,67.9,49.6,15.4,49.8,54.4,92.03,50,7619,
2010-11,Washington Wizards,82,23,59,3986,101.3,109.1,-7.8,52.2,1.27,14.9,31.7,67.1,48.8,16,47.1,51.3,94.76,44.5,7871,
2009-10,Atlanta Hawks,82,53,29,3971,111,106,4.9,56.2,1.83,17.1,32,68.5,50.2,13,50.6,54.5,90.77,52.3,7515,
2009-10,Boston Celtics,82,50,32,3956,106.9,103.2,3.7,63.5,1.58,18.5,27.4,69.7,49.3,16,52.2,56.4,92.22,54,7609,
2009-10,Charlotte Bobcats,82,44,38,3976,103.9,102,1.9,58,1.29,16.1,31.5,69.8,51,17.2,49,53.8,90.91,51.8,7519,
2009-10,Chicago Bulls,82,41,41,3981,102.6,104.2,-1.6,55.3,1.45,16,30.3,70.9,50.9,15.1,47.7,52,94.02,50,7794,
2009-10,Cleveland Cavaliers,82,61,21,3956,110.6,103.8,6.8,59.2,1.61,17.7,29.3,72.5,51.9,15,53.2,57,91.77,55.2,7573,
2009-10,Dallas Mavericks,82,55,27,3976,107.8,105,2.8,61.1,1.81,18,27.9,69.7,49.3,13.7,50.6,55.2,93.6,53.4,7757,
2009-10,Denver Nuggets,82,53,29,3956,110.8,106.5,4.4,55,1.51,16.1,30.4,68.7,49.8,14.4,50.9,56.1,95.61,52.4,7876,
2009-10,Detroit Pistons,82,27,55,3956,104.5,110.3,-5.9,54.1,1.45,15.5,34.6,69.7,51,14.9,47.4,51.5,89.46,44.8,7379,
2009-10,Golden State Warriors,82,26,56,3946,107,110.3,-3.3,55.2,1.53,16.5,25.4,65.9,45.3,14.4,51.4,55.7,101.52,47,8338,
2009-10,Houston Rockets,82,42,40,3981,106.8,106.8,0,57.9,1.51,16.5,30.9,69.9,49.8,15.1,49.4,53.7,94.91,48.9,7857,
2009-10,Indiana Pacers,82,32,50,3941,103,106,-3,57.3,1.4,16.1,25.5,69,47.3,15.4,49.1,53.6,97.77,47.6,8024,
2009-10,Los Angeles Clippers,82,29,53,3941,102.3,109.1,-6.8,60.3,1.41,17.1,30.5,69.7,50,16.8,49.1,52.9,93.44,46.5,7670,
2009-10,Los Angeles Lakers,82,57,25,3966,107.6,102.7,4.9,55,1.58,16.2,31.4,70.8,51.2,14.1,49.6,53.8,93.73,52.9,7749,
2009-10,Memphis Grizzlies,82,40,42,3981,107.5,109,-1.5,47.9,1.24,14.4,35.5,69.8,52.3,16,49.4,53.6,94.29,48.6,7816,
2009-10,Miami Heat,82,47,35,3976,105.7,103.4,2.4,51.9,1.43,15.4,29.4,70.1,50,14.4,49.6,53.7,90.3,52.2,7485,
2009-10,Milwaukee Bucks,82,46,36,3996,104,101.9,2.1,57,1.6,16.4,29.8,72.6,50.1,14.1,48.2,51.8,92.6,49.5,7698,
2009-10,Minnesota Timberwolves,82,15,67,3956,100.6,110.4,-9.8,52.4,1.22,15,30.8,70.5,50.1,16.7,47.8,51.8,97.12,43.2,8002,
2009-10,New Jersey Nets,82,12,70,3956,99.3,108.9,-9.6,54.7,1.3,15.1,28.5,68.6,47.8,15.5,45.8,50.9,92.65,42.9,7628,
2009-10,New Orleans Hornets,82,37,45,3966,106.5,108.9,-2.4,57.5,1.66,17.3,28.2,69.6,48.6,14.3,50.6,54.3,93.53,48.4,7721,
2009-10,New York Knicks,82,29,53,3976,106.4,110.3,-4,56.7,1.54,16.6,26.8,69.1,47.6,14.6,50.9,54.7,95.03,47.4,7872,
2009-10,Oklahoma City Thunder,82,50,32,3961,107,103.5,3.5,53.5,1.34,15.5,32,69.4,51.1,15.8,49.4,54.7,94.13,53.2,7774,
2009-10,Orlando Magic,82,59,23,3946,110.7,102.8,7.9,53.7,1.4,15.8,28,72.6,51.2,15.2,53.6,57.3,92.54,55.1,7614,
2009-10,Philadelphia 76ers,82,27,55,3961,104.8,108.9,-4.1,55.8,1.45,16.4,31,69.3,49.8,15.6,49.6,53.4,92.72,47.8,7648,
2009-10,Phoenix Suns,82,54,28,3946,113.9,109.1,4.8,57.3,1.58,17.5,31.1,67.3,50.3,15.2,54.6,58.5,96.43,53.6,7937,
2009-10,Portland Trail Blazers,82,50,32,3971,109.6,106.1,3.5,56.3,1.65,16.6,32,70.2,51,13.8,49.9,54.7,88.64,52.5,7339,
2009-10,Sacramento Kings,82,25,57,3976,104.4,109.1,-4.7,53.4,1.37,15.7,31.5,70,50.4,15.6,49.1,52.8,94.78,46.7,7855,
2009-10,San Antonio Spurs,82,50,32,3956,109.3,103.9,5.4,58.1,1.64,17.4,30.3,72,51.5,14.7,51.5,55.2,92.26,53.2,7605,
2009-10,Toronto Raptors,82,40,42,3956,110.2,112.2,-2,56.4,1.64,17.1,28.8,69.2,49.5,14.2,52.1,56.4,93.94,48.9,7746,
2009-10,Utah Jazz,82,53,29,3951,109.7,104,5.7,67.8,1.76,19.8,31.3,71.8,52,16,52.4,56.5,94.68,55,7791,
2009-10,Washington Wizards,82,26,56,3966,103.1,108.3,-5.3,51.8,1.28,15,31.7,69.1,50.1,15.9,48.1,52.4,92.6,46.2,7656,
2008-09,Atlanta Hawks,82,47,35,3941,108.3,106.7,1.7,56.1,1.58,16.4,29.5,68.2,49,14.1,50.4,54.6,90.44,50.7,7428,
2008-09,Boston Celtics,82,62,20,3976,109.5,101.6,7.9,60.6,1.45,17.8,31.4,71.5,52.4,16.9,52.8,57.1,91.15,56.2,7560,
2008-09,Charlotte Bobcats,82,35,47,3986,103.7,105,-1.3,60.7,1.36,17,32.1,68.6,50.4,17.3,49.4,53.6,89.18,49.5,7401,
2008-09,Chicago Bulls,82,41,41,3986,107.2,107.5,-0.3,55.4,1.45,16.1,32.1,67.5,49.8,15.3,49.3,54.1,94.1,49.9,7816,
2008-09,Cleveland Cavaliers,82,66,16,3956,111.2,101.6,9.6,55,1.59,16.4,30.6,70.7,51.2,14.1,51.9,56,89.61,55.9,7395,
2008-09,Dallas Mavericks,82,50,32,3961,109,107,2,56.9,1.71,17,29.7,70.7,50.4,13.6,50.4,55,92.68,52.2,7651,
2008-09,Denver Nuggets,82,54,28,3946,109,105.6,3.4,59.5,1.45,16.9,31.1,68.3,50.3,16,51.2,56.3,95.39,52.9,7848,
2008-09,Detroit Pistons,82,39,43,3981,105.8,106.4,-0.6,56.7,1.74,16.7,31.1,71.1,50.8,13.3,48.3,52.4,88.02,49.6,7302,
2008-09,Golden State Warriors,82,29,53,3976,108,111.7,-3.7,53,1.42,15.4,29.3,65.2,47.3,14.6,49.7,54.9,99.57,47.8,8247,
2008-09,Houston Rockets,82,53,29,3961,107.1,102.9,4.2,56.2,1.44,16.2,30.8,71.4,51.7,15.4,50.1,54.8,91.23,53,7532,
2008-09,Indiana Pacers,82,36,46,3966,107.2,108.2,-1,55.1,1.49,16.3,29.1,70.7,49.8,14.8,50.1,54.5,97.34,48.9,8037,
2008-09,Los Angeles Clippers,82,19,63,3976,101,110.1,-9.2,58.3,1.41,16.4,28.7,67.9,47.9,15.8,48.1,52,93.3,44.1,7723,
2008-09,Los Angeles Lakers,82,65,17,3956,111.4,103.5,7.9,57.7,1.73,17.3,32.6,69.8,51.4,14,51.3,55.5,95.49,54.7,7874,
2008-09,Memphis Grizzlies,82,24,58,3961,102.3,108.2,-6,49.7,1.14,14.2,29.7,69.7,49.5,16.6,48.6,53.3,91.22,45.7,7528,
2008-09,Miami Heat,82,43,39,3991,106.8,106.5,0.3,55.1,1.63,16.3,28.2,69.3,48.4,13.6,50,54,90.8,50.5,7547,
2008-09,Milwaukee Bucks,82,34,48,3956,105.2,106.3,-1.1,59.9,1.56,16.8,31,69.9,49.6,14.9,48.3,53.1,93.89,48.5,7736,
2008-09,Minnesota Timberwolves,82,24,58,3961,104.9,109.9,-5,56.1,1.44,15.9,32.1,71.7,51.1,15.2,48.1,52.6,92.76,45.3,7645,
2008-09,New Jersey Nets,82,34,48,3966,106.8,109.5,-2.7,55.9,1.52,16,28.8,70.3,49.3,14.3,49.7,54.3,91.12,47.4,7530,
2008-09,New Orleans Hornets,82,49,33,3951,107.6,105.8,1.8,55.3,1.56,16.3,28.2,70.7,49.6,14.1,50.1,54.8,88.74,51.5,7303,
2008-09,New York Knicks,82,32,50,3961,107,109.4,-2.5,55.1,1.48,16,27.7,69.6,48,14.6,50.3,54.4,97.82,46.7,8066,
2008-09,Oklahoma City Thunder,82,23,59,3961,101.4,107.6,-6.2,55.5,1.25,15.6,30.9,71.6,50.8,17,47.1,52.1,95.1,46.4,7841,
2008-09,Orlando Magic,82,59,23,3946,108.3,101.3,7.1,54.4,1.39,15.6,27.3,71.7,50.2,14.9,52,55.9,92.99,54.5,7649,
2008-09,Philadelphia 76ers,82,41,41,3951,106.3,106.1,0.2,55,1.42,15.8,34.2,68,50.8,15.4,48.5,53.2,91.3,50.3,7512,
2008-09,Phoenix Suns,82,46,36,3951,112.4,110.4,2,56.5,1.48,17.4,30.8,68.2,50.3,16.1,54.5,58.4,96.99,52.5,7984,
2008-09,Portland Trail Blazers,82,54,28,3966,112.1,106.1,6,55.2,1.58,16.4,35.5,70.8,52.8,14.5,51.1,55.3,88.02,53.1,7273,
2008-09,Sacramento Kings,82,17,65,3981,104.4,113.4,-9,54.1,1.28,15.3,28.9,66.9,47.7,16,49.1,54.2,95.29,44,7901,
2008-09,San Antonio Spurs,82,54,28,3981,107.6,103.4,4.2,57.1,1.8,17.3,25.8,74,50.2,13,51.3,54.8,89.19,52.3,7395,
2008-09,Toronto Raptors,82,33,49,3961,105.5,108.6,-3,60.1,1.67,17.5,27.6,70.6,49.3,14.3,49.4,54.2,93.26,49.2,7697,
2008-09,Utah Jazz,82,48,34,3976,108.5,105.8,2.7,64.4,1.67,18.4,31.6,69.3,50.5,15.5,50.4,55.4,94.47,53.5,7827,
2008-09,Washington Wizards,82,19,63,3941,104,112.1,-8.1,54.8,1.43,15.8,31.3,68.9,49.5,15.1,48,52.4,92.26,44.8,7576,
2007-08,Atlanta Hawks,82,37,45,3971,105.5,107.3,-1.8,60.6,1.48,17,32.9,68.2,50.6,16,48.3,53.5,92.35,49.8,7634,
2007-08,Boston Celtics,82,66,16,3951,108.8,98.1,10.8,61.4,1.47,17.6,30.6,70.7,51.8,16.4,52.2,56.9,91.88,58.1,7575,
2007-08,Charlotte Bobcats,82,32,50,3976,103.7,108.2,-4.5,59.1,1.45,16.6,29.4,67.4,48.3,15.7,49.2,53.2,92.75,46.9,7678,
2007-08,Chicago Bulls,82,33,49,3961,102.9,106,-3.1,60.6,1.51,16.7,32.5,68.7,50,15.4,47,51.5,94.04,48,7754,
2007-08,Cleveland Cavaliers,82,45,37,3971,104.8,105.4,-0.6,55.8,1.43,15.7,33.4,71.5,51.8,15.2,48,52,91.06,49,7540,
2007-08,Dallas Mavericks,82,51,31,3946,109.5,104.7,4.8,56.9,1.66,16.7,30,71.6,51.4,13.8,50.2,55.4,91.38,53.6,7518,
2007-08,Denver Nuggets,82,50,32,3971,108.9,105.5,3.4,61.2,1.68,17.7,29.2,68.6,49.4,14.4,51,55.7,100.58,52.9,8330,
2007-08,Detroit Pistons,82,59,23,3946,109.8,101.5,8.3,61.1,1.92,17.8,32.7,70,51.3,13.1,49.5,53.9,88.54,55.2,7279,
2007-08,Golden State Warriors,82,48,34,3956,110.4,108.5,1.9,53.9,1.69,16.3,30.1,67.2,48.1,13.1,51.1,54.8,99.96,49.6,8249,
2007-08,Houston Rockets,82,55,27,3946,105.4,100.5,4.8,58.5,1.56,16.8,32.3,71.1,51.9,15,49.2,52.8,91.42,53.5,7525,
2007-08,Indiana Pacers,82,36,46,3951,105.1,106.3,-1.2,60.1,1.51,16.9,27.8,70.1,48.7,15.2,49.8,54,98.64,48.5,8111,
2007-08,Los Angeles Clippers,82,23,59,3961,99.9,107.4,-7.5,61.4,1.47,16.7,26.7,70.3,48.4,15.3,46.5,51.9,93.38,46.1,7698,
2007-08,Los Angeles Lakers,82,57,25,3956,111.7,104.3,7.3,61.7,1.73,18.1,29.7,70.2,50.7,14.5,52.5,57,96.7,55.1,7974,
2007-08,Memphis Grizzlies,82,22,60,3961,103.9,110.2,-6.3,51.4,1.26,14.9,27.7,70.6,48.9,15.7,50,53.9,96.33,45.1,7945,
2007-08,Miami Heat,82,15,67,3966,99.4,108.8,-9.4,58.5,1.37,16.3,26.4,68.1,47,15.9,48.2,52.2,91.24,44.5,7538,
2007-08,Milwaukee Bucks,82,26,56,3971,103.9,111.1,-7.2,58.2,1.45,16.5,33.2,69.4,50.6,15.8,48.2,52.2,92.61,45.2,7654,
2007-08,Minnesota Timberwolves,82,22,60,3946,102.7,110,-7.3,53,1.37,15.6,31.4,70.3,50.1,15.6,48.4,51.8,92.84,43.5,7632,
2007-08,New Jersey Nets,82,34,48,3966,102.3,107.7,-5.4,67.4,1.57,18,30,70.6,50.2,16,48.1,52.8,92.96,47.5,7679,
2007-08,New Orleans Hornets,82,56,26,3961,110,104.4,5.6,56.4,1.83,17.2,30,71.7,50.6,13,51.2,54.8,91.04,52.6,7517,
2007-08,New York Knicks,82,23,59,3976,103.5,110.4,-6.8,51.6,1.29,14.7,32.1,69.7,50.2,15.5,47.5,51.8,92.76,44,7676,
2007-08,Orlando Magic,82,52,30,3956,110.4,104.9,5.6,55.8,1.45,16.4,27.4,70.9,50.1,15.1,53.7,57.5,94.02,52.9,7757,
2007-08,Philadelphia 76ers,82,40,42,3951,105.1,104.7,0.5,54.7,1.43,15.9,35.1,68.8,51.5,15.6,48.2,52.2,91.56,50,7536,
2007-08,Phoenix Suns,82,55,27,3956,112,107,5,64.5,1.85,19.7,25.3,67.4,48.1,14.7,55.1,59,97.72,55.6,8058,
2007-08,Portland Trail Blazers,82,41,41,3981,105.9,106.8,-0.8,59,1.64,17,30.3,68.4,49.5,14.3,48.9,53.2,89.1,49.5,7381,
2007-08,Sacramento Kings,82,38,44,3966,106.2,108.6,-2.4,51.5,1.19,14.9,29,68.9,49.3,16.6,50.3,55.6,95.81,48.3,7920,
2007-08,San Antonio Spurs,82,56,26,3946,106,100.7,5.3,58.5,1.66,17.1,26.8,73.3,50.3,14,50.4,54.3,89.72,53.3,7377,
2007-08,Seattle SuperSonics,82,20,62,3966,99.6,108.3,-8.6,55.9,1.33,15.9,30.5,70,50.2,16.3,46.7,50.9,97.32,45,8030,
2007-08,Toronto Raptors,82,41,41,3966,108.9,105.6,3.3,62,2.04,18.7,26.9,70.9,48.9,12.7,51.1,55.1,91.35,51.9,7543,
2007-08,Utah Jazz,82,54,28,3941,112.1,104.9,7.2,66,1.8,19.6,32.7,71,52.1,15.4,52.8,57.3,94.64,55.6,7773,
2007-08,Washington Wizards,82,43,39,3981,107.6,107.9,-0.3,53.8,1.49,15.6,32,69.5,50.3,14.4,48.9,53.5,90.85,48.8,7533,
2006-07,Atlanta Hawks,82,30,52,3976,102,107,-5.1,55.6,1.2,15.3,32.8,67.6,49.9,17.3,47.1,52.3,90.98,46.6,7533,
2006-07,Boston Celtics,82,24,58,3971,102.3,105.8,-3.5,57,1.21,15.6,30.9,70.5,50.2,17.6,47.9,53,92.91,45.9,7680,
2006-07,Charlotte Bobcats,82,33,49,4001,102.4,106.3,-3.9,62,1.5,17.1,29.9,68.2,48.5,15.8,48,52.4,93.11,47.1,7758,
2006-07,Chicago Bulls,82,49,33,3956,104,98.8,5.2,60.1,1.4,17,31.9,70.7,51.4,16.8,49.3,53.4,94.47,53.9,7790,
2006-07,Cleveland Cavaliers,82,50,32,3976,104.4,100.6,3.8,57.4,1.45,16.2,32.7,72.1,51.8,15.5,48.4,52.2,91.59,52,7598,
2006-07,Dallas Mavericks,82,67,15,3951,109.7,102.1,7.6,54.2,1.43,16,32,71.9,52.2,15.2,50.9,55.9,90.68,55.2,7476,
2006-07,Denver Nuggets,82,45,37,3956,106.7,105.1,1.7,60.7,1.42,17.1,32.2,67.8,50.2,16.7,50.1,54.8,98.2,51.4,8093,
2006-07,Detroit Pistons,82,53,29,3976,107.4,102.6,4.8,60.1,1.77,17.3,30.7,67.8,49.3,13.7,48.8,53.5,88.56,53.3,7332,
2006-07,Golden State Warriors,82,42,40,3951,106.2,106.5,-0.3,59.8,1.49,17.3,28.5,66.2,47.2,15.9,51.2,54.8,99.97,48.9,8228,
2006-07,Houston Rockets,82,52,30,3971,104.7,99.7,4.9,58.6,1.47,16.5,28.7,72.5,50.8,15.3,49.9,54,91.7,52.9,7598,
2006-07,Indiana Pacers,82,35,47,3956,101.9,104.4,-2.5,58.5,1.26,15.9,32.1,69.4,50.3,17.3,47.4,52.3,93.43,48.5,7697,
2006-07,Los Angeles Clippers,82,40,42,3946,103.8,104.2,-0.4,61.2,1.42,17,30.7,71.2,51.3,16.4,48.1,53.7,91.92,50.9,7554,
2006-07,Los Angeles Lakers,82,42,40,4006,107.3,107.5,-0.2,59.6,1.45,17.1,30,69,49.6,16.1,51.1,55.4,94.58,49.9,7898,
2006-07,Memphis Grizzlies,82,22,60,3996,105.7,110.9,-5.2,56,1.25,15.9,29.1,68.2,48.6,17,50.4,55.5,94.77,46.2,7883,
2006-07,Miami Heat,82,44,38,3971,103.4,104.6,-1.2,57.6,1.4,16.6,27.9,69.3,49.3,16,50.6,54.1,90.61,50.8,7503,
2006-07,Milwaukee Bucks,82,28,54,3971,106,110.3,-4.3,56.7,1.43,16.7,30.6,65.7,47.9,16.1,50.4,54.1,93.33,45.6,7709,
2006-07,Minnesota Timberwolves,82,32,50,4001,102.4,106.5,-4,61.7,1.45,17.5,29.2,69.8,50,16.6,49,53.7,92.19,48.7,7689,
2006-07,New Jersey Nets,82,41,41,3976,104.2,105.1,-0.9,67.4,1.62,18.5,27.5,71.4,49.6,15.8,50.4,54.6,92.69,49.9,7682,
2006-07,New Orleans/Oklahoma City Hornets,82,39,43,3976,103.7,105.4,-1.6,51.7,1.29,14.9,31.8,71.9,51.4,15.7,47.9,52,91.19,48.5,7551,
2006-07,New York Knicks,82,33,49,4001,104.3,107.4,-3.1,52.8,1.09,14.7,33.7,71.4,52.7,18.3,49.4,53.9,91.89,47.1,7661,
2006-07,Orlando Magic,82,40,42,3956,104.1,103.3,0.8,53,1.1,15.1,33.3,69.7,51.9,18.6,50,54.4,90.54,50.2,7465,
2006-07,Philadelphia 76ers,82,35,47,3976,102.4,105.6,-3.2,56.9,1.33,16.1,30.6,67.8,49.3,16.5,48,53,91.84,48.9,7606,
2006-07,Phoenix Suns,82,61,21,3981,112.9,105.5,7.4,62.6,1.78,19.3,26.2,68.3,48.4,14.9,55.1,59,96.45,56.1,8002,
2006-07,Portland Trail Blazers,82,32,50,3991,103.8,108.6,-4.8,52.6,1.22,15,32.6,69.7,50.7,16.6,48.3,53,89.36,45.9,7431,
2006-07,Sacramento Kings,82,33,49,3961,105.1,106.7,-1.6,56.6,1.39,15.8,26.7,69.2,47.7,15.1,49.1,54.5,95.83,48.5,7898,
2006-07,San Antonio Spurs,82,58,24,3956,108.6,99.4,9.2,60.5,1.6,17.8,27.9,71.5,50.5,15.3,52.1,56.1,90.22,56.9,7440,
2006-07,Seattle SuperSonics,82,31,51,3966,105.9,108.9,-3,55.6,1.34,16.2,31.2,67.6,49.2,16.5,49.9,54.4,92.92,47.4,7674,
2006-07,Toronto Raptors,82,47,35,3951,105.7,104.4,1.2,60.1,1.65,17.5,25,71.1,48.1,14.3,50.4,55,93.86,51.4,7719,
2006-07,Utah Jazz,82,51,31,3961,108.6,105.6,3,65.9,1.58,18.5,35.2,72.1,53.4,16.7,50.2,55.1,92.81,53.1,7661,
2006-07,Washington Wizards,82,41,41,3966,108.7,109.1,-0.4,54.1,1.47,15.5,31.2,67.8,48.9,14.4,49.1,54.2,95.33,48.5,7870,
2005-06,Atlanta Hawks,82,26,56,3976,104.8,110.1,-5.3,55.2,1.27,15.5,33.4,66.7,49.6,16.9,48.6,53.4,91.75,46.2,7607,
2005-06,Boston Celtics,82,33,49,3976,104,105.6,-1.5,58.1,1.26,16.4,28.9,69.4,49.7,17.6,50.4,55.1,93.27,48.5,7722,
2005-06,Charlotte Bobcats,82,26,56,3981,101.2,105.6,-4.4,58,1.47,15.9,30.5,67.8,47.9,14.9,46.4,50.9,94.57,46.3,7851,
2005-06,Chicago Bulls,82,41,41,3981,103.3,102.7,0.7,60.1,1.47,16.9,30.3,70.3,50.3,15.8,48.7,52.7,93.59,50.1,7762,
2005-06,Cleveland Cavaliers,82,50,32,3966,106.6,104.4,2.1,53.6,1.37,15.3,31.3,71.7,51.4,15.1,49.2,53.8,90.77,51,7510,
2005-06,Dallas Mavericks,82,60,22,3976,109.9,103.2,6.7,50,1.32,14.6,34.7,69,52.2,15,49.5,55,89.3,55.1,7397,
2005-06,Denver Nuggets,82,44,38,3986,104.4,104.1,0.3,62.4,1.58,17.6,30,68.2,49.4,15.4,48.8,53.5,94.9,51.2,7877,
2005-06,Detroit Pistons,82,64,18,3966,109.3,101.7,7.6,66.1,2.12,18.9,31.7,68,49.7,12.8,49.7,53.5,87.98,55.7,7268,
2005-06,Golden State Warriors,82,34,48,3966,103.5,104.9,-1.4,57.6,1.47,15.9,29.6,68.6,48.5,14.8,47.9,52.1,94.43,47.5,7800,
2005-06,Houston Rockets,82,34,48,3966,100.4,102.1,-1.7,58.3,1.32,15.8,29.1,70.5,50.1,16.2,47.1,51.9,89.07,49,7358,
2005-06,Indiana Pacers,82,41,41,3946,103.1,101,2,58.5,1.3,16,30.4,69.9,50.6,16.8,48.7,53.3,90.85,51.4,7470,
2005-06,Los Angeles Clippers,82,47,35,3961,103.8,102.2,1.6,57.1,1.44,16.5,28.6,71.9,51.3,15.4,48.7,54,92.99,52.3,7675,
2005-06,Los Angeles Lakers,82,45,37,3971,106.8,104.2,2.6,58,1.52,16.5,31.6,70.1,50.7,15,49.5,53.9,92.22,51.8,7632,
2005-06,Memphis Grizzlies,82,49,33,3971,104.5,100.4,4.1,57.8,1.4,16.1,29.8,69,49.6,15.7,49.6,53.7,87.39,51.6,7232,
2005-06,Miami Heat,82,52,30,3951,107.5,103.4,4.1,55.7,1.43,16.4,29.7,72.6,51.9,15.6,51.7,55.6,92.56,53.8,7622,
2005-06,Milwaukee Bucks,82,40,42,3971,104.9,105.9,-1,59.4,1.48,16.8,30.9,71.3,50.7,15.7,49.2,53.5,92.45,48.6,7646,
2005-06,Minnesota Timberwolves,82,33,49,3971,101.5,103.5,-2,59.4,1.44,16.9,29.6,67.3,49,16,48,52.4,89.58,50.3,7409,
2005-06,New Jersey Nets,82,49,33,3956,102.4,100.9,1.5,67.8,1.68,18.2,27.4,73,50.1,14.9,47.8,52.8,91.17,51.3,7513,
2005-06,New Orleans/Oklahoma City Hornets,82,38,44,3961,102.3,105.1,-2.8,53.7,1.39,15.1,29.7,70.9,49.7,14.7,46.4,51.5,90.32,48.4,7442,
2005-06,New York Knicks,82,23,59,3986,102.7,109.3,-6.6,52,1.01,14.2,34.2,69.7,51.8,19,48.1,53.4,92.03,44.4,7633,
2005-06,Orlando Magic,82,36,46,3981,105.3,106.6,-1.3,51.4,1.21,15,33,69.1,51.6,16.8,49.6,54.3,89.12,49.5,7395,
2005-06,Philadelphia 76ers,82,38,44,3981,104.7,106.5,-1.8,55.1,1.43,15.8,28.5,67.6,48.1,14.9,48.7,53.8,93.91,49.2,7780,
2005-06,Phoenix Suns,82,54,28,3991,110.2,104.7,5.4,63.5,2,19.5,25.6,69,48,13.5,53.7,56.8,96.92,54.7,8067,
2005-06,Portland Trail Blazers,82,21,61,3946,99.7,110.3,-10.7,53.4,1.24,15.1,30.8,65.7,48,16.5,47.4,51.1,88.88,42.4,7308,
2005-06,Sacramento Kings,82,44,38,3966,105.3,103.5,1.8,61.8,1.52,17.3,28.9,69.4,49.5,15.6,49.2,54.4,93.26,51.5,7701,
2005-06,San Antonio Spurs,82,63,19,3961,106.2,98.7,7.5,57.4,1.52,17,28.9,70.8,50.5,15.3,51.3,54.6,89.41,55.4,7382,
2005-06,Seattle SuperSonics,82,35,47,3966,109.4,112.7,-3.3,55.1,1.4,16,34,65.9,49.5,15.7,50.4,55.1,93.04,46.7,7689,
2005-06,Toronto Raptors,82,27,55,3991,107.9,111.2,-3.2,52.9,1.49,15.5,28.6,69.7,48.4,13.9,50,54.8,92.33,45.9,7678,
2005-06,Utah Jazz,82,41,41,3976,102.4,105.1,-2.7,64.6,1.37,16.9,35.6,70.2,52.6,17.4,46.7,51.9,89.4,49.7,7398,
2005-06,Washington Wizards,82,42,40,3966,107.7,105.8,1.9,51.2,1.33,14.5,32.9,67.9,49.9,14.8,48.4,53.8,93.68,50.3,7742,
